{"D100 Hurriyet Tepesi": {"mesafe": 23.833622844827605, "süre": 23.80387931034483, "hız": 1.001249524671798}}
,{"Dolmabahçe Sahil": {"mesafe": 22.76982974137932, "süre": 26.19396551724138, "hız": 0.8692776863584009}}
,{"Darüşşafaka": {"mesafe": 26.569614224137908, "süre": 25.24353448275862, "hız": 1.0525314607700835}}
,{"Dudullu Kavşağı ": {"mesafe": 30.989226293103428, "süre": 26.30387931034483, "hız": 1.1781238017206055}}
,{"Sepetçiler Kasrı Sahil Yolu ": {"mesafe": 24.808407327586217, "süre": 29.18103448275862, "hız": 0.8501551698670609}}
,{"Ataköy": {"mesafe": 26.689657327586193, "süre": 27.112068965517242, "hız": 0.9844197933227339}}
,{"Yedikule Sahil": {"mesafe": 24.668536637931044, "süre": 25.372844827586206, "hız": 0.9722416546334838}}
,{"Samatya Sahilyolu Liman": {"mesafe": 25.28556250000003, "süre": 25.961206896551722, "hız": 0.9739748464220499}}
,{"Samatya Sahil": {"mesafe": 25.671769396551717, "süre": 29.771551724137932, "hız": 0.8622919501954537}}
,{"Başakşehir": {"mesafe": 31.843105603448315, "süre": 25.512931034482758, "hız": 1.2481163203243806}}
,{"Beylerbeyi Tünel": {"mesafe": 23.514441810344827, "süre": 24.650862068965516, "hız": 0.9538993705193215}}
,{"Taksim Altgeçidi": {"mesafe": 24.7469849137931, "süre": 27.73491379310345, "hız": 0.8922683192167222}}
,{"Çamlık": {"mesafe": 39.36056249999996, "süre": 30.254310344827587, "hız": 1.3009902407750378}}
,{"Anadolu Feneri": {"mesafe": 49.146338362068995, "süre": 38.269396551724135, "hız": 1.284220363800192}}
,{"Kco Çekmeköy Kavşağı": {"mesafe": 37.0931056034483, "süre": 30.299568965517242, "hız": 1.2242123195106347}}
,{"Avrasya Tünel 100": {"mesafe": 27.400002155172412, "süre": 27.64439655172414, "hız": 0.9911593513682075}}
,{"Avrasya Tünel 106": {"mesafe": 27.249355603448308, "süre": 26.478448275862068, "hız": 1.0291145205925456}}
,{"Avrasya Tünel 11": {"mesafe": 29.635131465517226, "süre": 28.661637931034484, "hız": 1.0339650349650344}}
,{"Avrasya Tünel 112": {"mesafe": 27.567674568965504, "süre": 26.732758620689655, "hız": 1.0312319413092546}}
,{"Avrasya Tünel 118": {"mesafe": 26.152588362068958, "süre": 28.4375, "hız": 0.9196514588859414}}
,{"Avrasya Tünel 124": {"mesafe": 25.83060560344828, "süre": 27.961206896551722, "hız": 0.9238015261291815}}
,{"Avrasya Tünel 130": {"mesafe": 25.515734913793104, "süre": 27.545258620689655, "hız": 0.9263203974649871}}
,{"Avrasya Tünel 136": {"mesafe": 25.197200431034464, "süre": 27.09051724137931, "hız": 0.9301114558472546}}
,{"Avrasya Tünel 142": {"mesafe": 29.39332112068964, "süre": 28.45689655172414, "hız": 1.0329067706755524}}
,{"Avrasya Tünel 148": {"mesafe": 29.71465732758621, "süre": 28.773706896551722, "hız": 1.0327017451876264}}
,{"Avrasya Tünel 154": {"mesafe": 22.606467672413785, "süre": 23.450431034482758, "hız": 0.9640107526881717}}
,{"Avrasya Tünel 17": {"mesafe": 29.31724353448276, "süre": 28.396551724137932, "hız": 1.032422662416515}}
,{"Avrasya Tünel 23": {"mesafe": 25.274571120689668, "süre": 27.21551724137931, "hız": 0.9286823725055436}}
,{"Avrasya Tünel 29": {"mesafe": 25.59461422413792, "süre": 27.689655172413794, "hız": 0.9243384962640095}}
,{"Avrasya Tünel 36": {"mesafe": 25.970907327586207, "süre": 28.219827586206897, "hız": 0.9203070872155186}}
,{"Avrasya Tünel 41": {"mesafe": 27.80172629310345, "süre": 27.0, "hız": 1.0296935664112388}}
,{"Avrasya Tünel 48": {"mesafe": 27.42672629310345, "süre": 26.620689655172413, "hız": 1.0302785783678756}}
,{"Avrasya Tünel 5": {"mesafe": 29.9534504310345, "süre": 29.00862068965517, "hız": 1.0325706537890051}}
,{"Avrasya Tünel 54": {"mesafe": 27.103450431034467, "süre": 26.353448275862068, "hız": 1.028459355577363}}
,{"Avrasya Tünel 59": {"mesafe": 26.816165948275895, "süre": 26.04741379310345, "hız": 1.029513569419164}}
,{"Avrasya Tünel 65": {"mesafe": 26.62133836206893, "süre": 25.84698275862069, "hız": 1.0299592262152908}}
,{"Avrasya Tünel 72": {"mesafe": 26.60539008620692, "süre": 29.075431034482758, "hız": 0.9150471425394715}}
,{"Avrasya Tünel 78": {"mesafe": 24.58814870689655, "süre": 27.017241379310345, "hız": 0.9100910178685386}}
,{"Avrasya Tünel 83": {"mesafe": 26.218105603448283, "süre": 25.879310344827587, "hız": 1.013091355762825}}
,{"Avrasya Tünel 88": {"mesafe": 28.569829741379287, "süre": 28.67241379310345, "hız": 0.9964222038484658}}
,{"Avrasya Tünel 94": {"mesafe": 28.1926745689655, "süre": 28.24353448275862, "hız": 0.9981992369324679}}
,{"Hüseyinli Kavşağı": {"mesafe": 46.35862284482755, "süre": 34.35775862068966, "hız": 1.349291243256805}}
,{"Poyrazköy": {"mesafe": 51.062717672413825, "süre": 39.3448275862069, "hız": 1.297825427256793}}
,{"D100 Avrasya Tünel Çıkışı ": {"mesafe": 24.942890086206894, "süre": 24.377155172413794, "hız": 1.0232075855362035}}
,{"TEM Elmalı": {"mesafe": 29.95819181034485, "süre": 25.540948275862068, "hız": 1.1729475149776398}}
,{"Bayrampaşa Hali Önü": {"mesafe": 28.316596982758625, "süre": 24.657327586206897, "hız": 1.148404947120007}}
,{"Sırapınar ": {"mesafe": 51.204743534482716, "süre": 37.803879310344826, "hız": 1.354483837865571}}
,{"Riva": {"mesafe": 51.04569181034482, "süre": 42.502155172413794, "hız": 1.2010141980629785}}
,{"Harp Akademisi": {"mesafe": 24.870476293103465, "süre": 23.66810344827586, "hız": 1.0508014022946646}}
,{"Kumköy": {"mesafe": 54.569829741379316, "süre": 39.2176724137931, "hız": 1.3914601857449032}}
,{"Uskumruköy Bağlantı Yolu": {"mesafe": 49.76487284482761, "süre": 40.48706896551724, "hız": 1.2291547428936447}}
,{"Riva Kavşağı": {"mesafe": 47.54461422413798, "süre": 38.331896551724135, "hız": 1.2403407736421919}}
,{"KCO Riva Tüneli Güney": {"mesafe": 47.67780387931035, "süre": 35.05172413793103, "hız": 1.3602128012788983}}
,{"Reşadiye Shell": {"mesafe": 46.23966379310341, "süre": 34.27801724137931, "hız": 1.3489596982081096}}
,{" Alemdağ": {"mesafe": 45.229312499999956, "süre": 37.04094827586207, "hız": 1.2210624890905906}}
,{"YSS Avrupa": {"mesafe": 55.56530387931034, "süre": 42.01724137931034, "hız": 1.3224405519080837}}
,{"Çekmeköy Merkez": {"mesafe": 43.60840732758621, "süre": 35.991379310344826, "hız": 1.2116347904191616}}
,{"Nişantepe": {"mesafe": 38.66939870689651, "süre": 29.44612068965517, "hız": 1.3132255727146294}}
,{"Başakşehir 4. Etap 1. Kısım": {"mesafe": 32.26099353448276, "süre": 26.0, "hız": 1.2408074436339522}}
,{"Başakşehir 4. Etap 2. Kısım": {"mesafe": 32.460562499999995, "süre": 26.26939655172414, "hız": 1.2356797932562145}}
,{"Boğazköy": {"mesafe": 43.01961422413791, "süre": 34.45474137931034, "hız": 1.248583286420216}}
,{"Fatih Terim Stadyumu": {"mesafe": 33.679096982758644, "süre": 27.83189655172414, "hız": 1.2100899024314704}}
,{"Işıklar Kavşağı": {"mesafe": 57.34375215517238, "süre": 41.696120689655174, "hız": 1.3752778725383774}}
,{"Pirinççi": {"mesafe": 35.26745905172415, "süre": 27.405172413793103, "hız": 1.2868906102547977}}
,{"Uskumruköy": {"mesafe": 53.30280387931033, "süre": 39.04094827586207, "hız": 1.3653050510626548}}
,{"Avcılar Pelikan": {"mesafe": 36.07500215517241, "süre": 35.702586206896555, "hız": 1.0104310636242906}}
,{"Paşaköy kavşağı": {"mesafe": 51.36120905172414, "süre": 40.26077586206897, "hız": 1.2757133451100047}}
,{"Riva Tır Parkı": {"mesafe": 49.150433189655146, "süre": 38.189655172413794, "hız": 1.2870090857787804}}
,{"YTU 6 - Sanat Tasarım Fakültesi": {"mesafe": 36.21142456896554, "süre": 34.29956896551724, "hız": 1.0557399308828155}}
,{"TEM Mahmutbey Gişeler": {"mesafe": 32.162933189655156, "süre": 28.482758620689655, "hız": 1.1292070974576267}}
,{"Alemdağ Kavşağı": {"mesafe": 46.884053879310365, "süre": 36.69396551724138, "hız": 1.2777047456830735}}
,{"Demirci": {"mesafe": 55.26702801724132, "süre": 40.172413793103445, "hız": 1.3757457618025737}}
,{"Öğümce": {"mesafe": 50.87780387931033, "süre": 36.89655172413793, "hız": 1.3789311331775695}}
,{"Işıklar": {"mesafe": 39.72004525862067, "süre": 32.08620689655172,